kpi,slug,current,target_2030,target_2040,status,url,last_updated
Sovereign Credit Ratings — Progress Tracker,credit-ratings,,,,,https://vision2030.ai/tracker/kpis/credit-ratings/,2026-04-18
Female Labour Force Participation — Progress Tracker,female-labour-participation,,,,,https://vision2030.ai/tracker/kpis/female-labour-participation/,2026-04-18
Financial Aid for Empowerment — Progress Tracker,financial-aid-empowerment,,,,,https://vision2030.ai/tracker/kpis/financial-aid-empowerment/,2026-04-18
Foreign Umrah Pilgrims — Progress Tracker,foreign-umrah-pilgrims,,,,,https://vision2030.ai/tracker/kpis/foreign-umrah-pilgrims/,2026-04-18
Healthcare Coverage — Progress Tracker,healthcare-coverage,,,,,https://vision2030.ai/tracker/kpis/healthcare-coverage/,2026-04-18
Healthcare Quality Index — Progress Tracker,healthcare-quality-index,,,,,https://vision2030.ai/tracker/kpis/healthcare-quality-index/,2026-04-18
Home Ownership Rate — Progress Tracker,home-ownership-rate,,,,,https://vision2030.ai/tracker/kpis/home-ownership-rate/,2026-04-18
Household Culture & Recreation Spending — Progress Tracker,household-culture-spending,,,,,https://vision2030.ai/tracker/kpis/household-culture-spending/,2026-04-18
Inbound FDI — Progress Tracker,inbound-fdi,,,,,https://vision2030.ai/tracker/kpis/inbound-fdi/,2026-04-18
Inflation Rate — Progress Tracker,inflation-rate,,,,,https://vision2030.ai/tracker/kpis/inflation-rate/,2026-04-18
Investment Opportunities Unlocked — Progress Tracker,investment-opportunities,,,,,https://vision2030.ai/tracker/kpis/investment-opportunities/,2026-04-18
Life Expectancy — Progress Tracker,life-expectancy,,,,,https://vision2030.ai/tracker/kpis/life-expectancy/,2026-04-18
Liquidity & Money Supply — Progress Tracker,liquidity-economy,,,,,https://vision2030.ai/tracker/kpis/liquidity-economy/,2026-04-18
Non-Oil Exports — Progress Tracker,non-oil-exports,,,,,https://vision2030.ai/tracker/kpis/non-oil-exports/,2026-04-18
Non-Oil GDP Contribution — Progress Tracker,non-oil-gdp-contribution,,,,,https://vision2030.ai/tracker/kpis/non-oil-gdp-contribution/,2026-04-18
Non-Oil GDP Growth Rate — Progress Tracker,non-oil-gdp-growth,,,,,https://vision2030.ai/tracker/kpis/non-oil-gdp-growth/,2026-05-06
Non-Oil GDP Value — Progress Tracker,non-oil-gdp-value,,,,,https://vision2030.ai/tracker/kpis/non-oil-gdp-value/,2026-04-18
Non-Oil Government Revenue — Progress Tracker,non-oil-revenue,,,,,https://vision2030.ai/tracker/kpis/non-oil-revenue/,2026-04-18
Nonprofit Sector GDP Contribution — Progress Tracker,nonprofit-gdp-contribution,,,,,https://vision2030.ai/tracker/kpis/nonprofit-gdp-contribution/,2026-04-18
PIF Assets Under Management — Progress Tracker,pif-aum,,,,,https://vision2030.ai/tracker/kpis/pif-aum/,2026-04-18
PIF Portfolio Companies — Progress Tracker,pif-companies,,,,,https://vision2030.ai/tracker/kpis/pif-companies/,2026-04-18
PIF Jobs Created — Progress Tracker,pif-jobs-created,,,,,https://vision2030.ai/tracker/kpis/pif-jobs-created/,2026-04-18
Purchasing Managers Index — Progress Tracker,pmi-index,,,,,https://vision2030.ai/tracker/kpis/pmi-index/,2026-04-18
Private Sector GDP Contribution — Progress Tracker,private-sector-gdp,,,,,https://vision2030.ai/tracker/kpis/private-sector-gdp/,2026-04-18
Real GDP Growth — Progress Tracker,real-gdp-growth,,,,,https://vision2030.ai/tracker/kpis/real-gdp-growth/,2026-04-18
Saudis in Private Sector Employment — Progress Tracker,saudis-private-sector,,,,,https://vision2030.ai/tracker/kpis/saudis-private-sector/,2026-04-18
SME GDP Contribution — Progress Tracker,sme-gdp-contribution,,,,,https://vision2030.ai/tracker/kpis/sme-gdp-contribution/,2026-04-18
Three Saudi Cities in Global Top 100 — Progress Tracker,three-cities-top-100,,,,,https://vision2030.ai/tracker/kpis/three-cities-top-100/,2026-04-18
UN E-Government Development Index Rank — Progress Tracker,un-egdi-rank,,,,,https://vision2030.ai/tracker/kpis/un-egdi-rank/,2026-04-18
Unemployment Rate — Progress Tracker,unemployment-rate,,,,,https://vision2030.ai/tracker/kpis/unemployment-rate/,2026-04-18
UNESCO Heritage Sites — Progress Tracker,unesco-heritage-sites,,,,,https://vision2030.ai/tracker/kpis/unesco-heritage-sites/,2026-04-18
Volunteers — Progress Tracker,volunteers,,,,,https://vision2030.ai/tracker/kpis/volunteers/,2026-04-18
World Competitiveness Ranking — Progress Tracker,world-competitiveness,,,,,https://vision2030.ai/tracker/kpis/world-competitiveness/,2026-04-18
World Happiness Index — Progress Tracker,world-happiness-index,,,,,https://vision2030.ai/tracker/kpis/world-happiness-index/,2026-04-18
Youth Physical Activity — Progress Tracker,youth-physical-activity,,,,,https://vision2030.ai/tracker/kpis/youth-physical-activity/,2026-04-18
